id_ticket;id_flight_schedule;firstname;lastname;phone_number;email
1;1;Anna;Dynia;121883949;anna.dynia12@gmail.com
2;1;Robert;Stępień;753425755;robercikS12@gmail.com
3;1;Błażej;Mazurek;765322313;b.mazur3@gmail.com
4;1;Kornel;Kucharski;134453236;kornello@gmail.com
5;1;Oktawia;Sadowska;322156326;oktawia123321@gmail.com
6;1;Zofia;Jaworska;753215965;anna.jaworska.zofia.94@gmail.com
7;1;Alan;Brzeziński;321488775;alan_brz011@gmail.com
8;1;Jagoda;Cieślak;998562156;jagodaCieslak991@gmail.com
9;1;Frańciszka;Wójcik;664584215;franwojcik87@gmail.com
10;1;Antoni;Krawczyk;639874785;anna.antoskrawczykowy@gmail.com
11;1;Beata;Nowak;458745874;beataaaNowak11@gmail.com
12;1;Radosław;Makowski;959598745;radziox33@gmail.com
13;1;Maurycy;Mróz;652325414;mroz.maurycy.official@gmail.com
14;1;Józefa;Laskowska;555214587;JozkaLaskowa333@gmail.com